sample	experimental_condition	min_tpm	med_tpm	mean_tpm	max_tpm
SRR5660030	condition	0	2034.26	5917.158891	67345
SRR5660030	condition	0	2148.01	5917.160504	71120.7
SRR5660033	condition	0	2118.63	5917.15713	137534
SRR5660033	condition	0	1969.58	5917.159722	203459
SRR5660044	condition	0	2003.11	5917.157178	194582
SRR5660044	condition	0	2103.74	5917.162852	199231
SRR5660045	condition	0	1143.91	5917.159025	286961
SRR5660045	condition	0	893.981	5917.159527	468583